{
  "state": {
    "table_name": "Offices",
    "primary_key_columns": [
      "officeCode"
    ],
    "next_rid": 11,
    "column_names": [
      "officeCode",
      "city",
      "phone",
      "addressLine1",
      "addressLine2",
      "state",
      "country",
      "postalCode",
      "territory"
    ]
  },
  "rows": {
    "2": {
      "officeCode": "1",
      "city": "San Francisco",
      "phone": "+1 650 219 4782",
      "addressLine1": "100 Market Street",
      "addressLine2": "Suite 300",
      "state": "CA",
      "country": "USA",
      "postalCode": "94080",
      "territory": "NA"
    },
    "3": {
      "officeCode": "11",
      "city": "Cambridge",
      "phone": "+1 617 555 1212",
      "addressLine1": "Kendall Square",
      "addressLine2": "",
      "state": "MA",
      "country": "USA",
      "postalCode": "02102",
      "territory": "NA"
    },
    "4": {
      "officeCode": "2",
      "city": "Boston",
      "phone": "+1 215 837 0825",
      "addressLine1": "1550 Court Place",
      "addressLine2": "Suite 102",
      "state": "MA",
      "country": "USA",
      "postalCode": "02107",
      "territory": "NA"
    },
    "5": {
      "officeCode": "3",
      "city": "NYC",
      "phone": "+1 212 555 3000",
      "addressLine1": "523 East 53rd Street",
      "addressLine2": "apt. 5A",
      "state": "NY",
      "country": "USA",
      "postalCode": "10022",
      "territory": "NA"
    },
    "6": {
      "officeCode": "4",
      "city": "Paris",
      "phone": "+33 14 723 4404",
      "addressLine1": "43 Rue Jouffroy D'abbans",
      "addressLine2": "",
      "state": "",
      "country": "France",
      "postalCode": "75017",
      "territory": "EMEA"
    },
    "7": {
      "officeCode": "5",
      "city": "Tokyo",
      "phone": "+81 33 224 5000",
      "addressLine1": "4-1 Kioicho",
      "addressLine2": "",
      "state": "Chiyoda-Ku",
      "country": "Japan",
      "postalCode": "102-8578",
      "territory": "Japan"
    },
    "8": {
      "officeCode": "6",
      "city": "Sydney",
      "phone": "+61 2 9264 2451",
      "addressLine1": "5-11 Wentworth Avenue",
      "addressLine2": "Floor #2",
      "state": "",
      "country": "Australia",
      "postalCode": "NSW 2010",
      "territory": "APAC"
    },
    "9": {
      "officeCode": "7",
      "city": "London",
      "phone": "+44 20 7877 2041",
      "addressLine1": "25 Old Broad Street",
      "addressLine2": "Level 7",
      "state": "",
      "country": "UK",
      "postalCode": "EC2N 1HN",
      "territory": "EMEA"
    },
    "10": {
      "officeCode": "8",
      "city": "New York",
      "phone": "+1 212 555-1212",
      "addressLine1": "W 166th Street",
      "addressLine2": "and Broadway",
      "state": "NY",
      "country": "USA",
      "postalCode": "10027",
      "territory": "NA"
    },
    "11": {
      "officeCode": "9",
      "city": "Boston",
      "phone": "+1 617 555 1212",
      "addressLine1": "1 Government Plaza",
      "addressLine2": "",
      "state": "",
      "country": "USA",
      "postalCode": "02101",
      "territory": "NA"
    }
  },
  "indexes": {
    "PRIMARY": {
      "name": "PRIMARY",
      "columns": [
        "officeCode"
      ],
      "kind": "PRIMARY",
      "table_name": "Offices",
      "index_data": {
        "1": {
          "2": {
            "officeCode": "1",
            "city": "San Francisco",
            "phone": "+1 650 219 4782",
            "addressLine1": "100 Market Street",
            "addressLine2": "Suite 300",
            "state": "CA",
            "country": "USA",
            "postalCode": "94080",
            "territory": "NA"
          }
        },
        "11": {
          "3": {
            "officeCode": "11",
            "city": "Cambridge",
            "phone": "+1 617 555 1212",
            "addressLine1": "Kendall Square",
            "addressLine2": "",
            "state": "MA",
            "country": "USA",
            "postalCode": "02102",
            "territory": "NA"
          }
        },
        "2": {
          "4": {
            "officeCode": "2",
            "city": "Boston",
            "phone": "+1 215 837 0825",
            "addressLine1": "1550 Court Place",
            "addressLine2": "Suite 102",
            "state": "MA",
            "country": "USA",
            "postalCode": "02107",
            "territory": "NA"
          }
        },
        "3": {
          "5": {
            "officeCode": "3",
            "city": "NYC",
            "phone": "+1 212 555 3000",
            "addressLine1": "523 East 53rd Street",
            "addressLine2": "apt. 5A",
            "state": "NY",
            "country": "USA",
            "postalCode": "10022",
            "territory": "NA"
          }
        },
        "4": {
          "6": {
            "officeCode": "4",
            "city": "Paris",
            "phone": "+33 14 723 4404",
            "addressLine1": "43 Rue Jouffroy D'abbans",
            "addressLine2": "",
            "state": "",
            "country": "France",
            "postalCode": "75017",
            "territory": "EMEA"
          }
        },
        "5": {
          "7": {
            "officeCode": "5",
            "city": "Tokyo",
            "phone": "+81 33 224 5000",
            "addressLine1": "4-1 Kioicho",
            "addressLine2": "",
            "state": "Chiyoda-Ku",
            "country": "Japan",
            "postalCode": "102-8578",
            "territory": "Japan"
          }
        },
        "6": {
          "8": {
            "officeCode": "6",
            "city": "Sydney",
            "phone": "+61 2 9264 2451",
            "addressLine1": "5-11 Wentworth Avenue",
            "addressLine2": "Floor #2",
            "state": "",
            "country": "Australia",
            "postalCode": "NSW 2010",
            "territory": "APAC"
          }
        },
        "7": {
          "9": {
            "officeCode": "7",
            "city": "London",
            "phone": "+44 20 7877 2041",
            "addressLine1": "25 Old Broad Street",
            "addressLine2": "Level 7",
            "state": "",
            "country": "UK",
            "postalCode": "EC2N 1HN",
            "territory": "EMEA"
          }
        },
        "8": {
          "10": {
            "officeCode": "8",
            "city": "New York",
            "phone": "+1 212 555-1212",
            "addressLine1": "W 166th Street",
            "addressLine2": "and Broadway",
            "state": "NY",
            "country": "USA",
            "postalCode": "10027",
            "territory": "NA"
          }
        },
        "9": {
          "11": {
            "officeCode": "9",
            "city": "Boston",
            "phone": "+1 617 555 1212",
            "addressLine1": "1 Government Plaza",
            "addressLine2": "",
            "state": "",
            "country": "USA",
            "postalCode": "02101",
            "territory": "NA"
          }
        }
      }
    }
  }
}